79672079,contreras chang johana cinthia,Chorrillos
77763722,farfan salazar margot,La Molina
19568447,vega soria henrry,San Juan de Lurigancho
81528434,epiquen avila enrique,Jesus Maria
47844324,vilca lee nestor hugo,Comas
86718074,escalante rojas ines adria,Jesus Maria
12270502,cueva fuentes cinthia delia,El Agustino
48528209,zavaleta coronado felicita eloisa,Villa Maria del Triunfo
88167677,prado vera juan,San Miguel
12858682,zarate perez alexander,Barranco
75348522,lozada forzani delia,Independencia
87495937,morales pasquel karin maribel,Independencia
81485316,justino martinez enrique,Santa Maria del Mar
81799482,cerna cerna cinthia,Pucusana
13219606,rodriguez moreno blanca ofelia,Pueblo Libre
73818744,fuentes gamarra hugo,Pueblo Libre
85501710,vizcardo sinche maribel,San Borja
12443643,lee serrano rosario,Santa Maria del Mar
82870470,sedano retamoso elia yolanda,Rimac
48450395,ramirez astete karina estefania,Magdalena del Mar
79641328,tokeshi guevara jaime,Cieneguilla
89314225,rios durand carlos edilberto,Cercado de Lima
86429854,moscoso laura janet valentina,Punta Hermosa
84186239,rivero coronado hector alonso jose,Lince
80457845,norabuena moya hector,Jesus Maria
90467829,iparraguirre perez nicolas,Miraflores
88854166,pinto rojas juvenal francisco,Jesus Maria
77367073,jauregui del castillo victor ricardo,San Juan de Miraflores
73567806,arca sanchez magali beatriz iris,Santa Anita
89941095,arca larriega lucero yliana,Comas
87282766,suarez chang gloria,San Bartolo
73972114,avila martel jaime manuel,San Juan de Lurigancho
79766395,fuentes escalante patricia elizabeth,Santa Anita
74325123,tang moscoso johana,La Molina
13628871,quiroga hernandez silvana zkenia maria,Independencia
75945248,mejia rodriguez ines valentina,Punta Hermosa
80310768,minaya berrocal heli,Carabayllo
47528229,saavedra gonzales wilmer,Chorrillos
82031355,egusquiza berrocal doris nancy,Pucusana
